{"is_source_file": false, "format": "", "description": "", "external_files": [], "external_methods": [], "published": [], "classes": [], "methods": [], "calls": [], "search-terms": [], "state": 2, "file_id": 5, "knowledge_revision": 19, "git_revision": "540923d66cabf0745308e300ad4cef6065d6ea87", "hash": "22f9e17cc1848b56dbb244518ac2707e", "format-version": 4, "code-base-name": "blog_frontend", "filename": "blog_frontend/src/App.css", "revision_history": [{"19": "540923d66cabf0745308e300ad4cef6065d6ea87"}]}