{"is_source_file": false, "format": "", "description": "", "external_files": [], "external_methods": [], "published": [], "classes": [], "methods": [], "calls": [], "search-terms": [], "state": 2, "file_id": 10, "knowledge_revision": 21, "git_revision": "540923d66cabf0745308e300ad4cef6065d6ea87", "hash": "d9d975cebe2ec20b6c652e1e4c12ccf0", "format-version": 4, "code-base-name": "blog_frontend", "filename": "blog_frontend/public/manifest.json", "revision_history": [{"21": "540923d66cabf0745308e300ad4cef6065d6ea87"}]}