{"is_source_file": false, "format": "", "description": "", "external_files": [], "external_methods": [], "published": [], "classes": [], "methods": [], "calls": [], "search-terms": [], "state": 2, "file_id": 1, "knowledge_revision": 18, "git_revision": "540923d66cabf0745308e300ad4cef6065d6ea87", "hash": "6c2104b8d219ed99234ae2d6329f4357", "format-version": 4, "code-base-name": "blog_frontend", "filename": "blog_frontend/src/index.css", "revision_history": [{"18": "540923d66cabf0745308e300ad4cef6065d6ea87"}]}