{"is_source_file": true, "format": "JavaScript Module (.mjs)", "description": "ESLint configuration file for JavaScript and React projects, specifying parsing options, globals, and linting rules.", "external_files": ["@eslint/js", "eslint-plugin-react"], "external_methods": [], "published": [], "classes": [], "methods": [], "calls": [], "search-terms": ["eslint", "eslint.config", "react", "plugins", "rules", "parserOptions", "globals", "eslint-plugin-react"], "state": 2, "file_id": 8, "knowledge_revision": 14, "git_revision": "540923d66cabf0745308e300ad4cef6065d6ea87", "hash": "be6538e7523bc2e9da0743133d784136", "format-version": 4, "code-base-name": "blog_frontend", "filename": "blog_frontend/eslint.config.mjs", "revision_history": [{"14": "540923d66cabf0745308e300ad4cef6065d6ea87"}]}