{"is_source_file": true, "format": "JavaScript (React JSX)", "description": "This file is a React component defining the main application UI, including theme toggling functionality and rendering of UI elements.", "external_files": ["./logo.svg", "./App.css"], "external_methods": ["document.documentElement.setAttribute"], "published": ["App"], "classes": [], "methods": ["App"], "calls": ["React.useState", "React.useEffect"], "search-terms": ["React", "useState", "useEffect", "theme toggle", "App component", "JSX"], "state": 2, "file_id": 3, "knowledge_revision": 7, "git_revision": "", "ctags": [{"_type": "tag", "name": "App", "path": "/tmp/kavia/workspace/code-generation/static-blog-viewer-8346-8355/blog_frontend/src/App.js", "pattern": "/^function App() {$/", "language": "JavaScript", "kind": "function", "signature": "()"}, {"_type": "tag", "name": "Switch to ${theme === 'light' ? 'dark' : 'light'} mode", "path": "/tmp/kavia/workspace/code-generation/static-blog-viewer-8346-8355/blog_frontend/src/App.js", "pattern": "/^          aria-label={`Switch to ${theme === 'light' ? 'dark' : 'light'} mode`}$/", "language": "JavaScript", "kind": "field", "scope": "App.aria", "scopeKind": "class"}, {"_type": "tag", "name": "toggleTheme", "path": "/tmp/kavia/workspace/code-generation/static-blog-viewer-8346-8355/blog_frontend/src/App.js", "pattern": "/^          onClick={toggleTheme}$/", "language": "JavaScript", "kind": "field", "scope": "App.onClick", "scopeKind": "class"}], "hash": "b55dd9e6a018e59207d8e277dffd9e11", "format-version": 4, "code-base-name": "blog_frontend", "filename": "blog_frontend/src/App.js"}