{"is_source_file": false, "format": "", "description": "", "external_files": [], "external_methods": [], "published": [], "classes": [], "methods": [], "calls": [], "search-terms": [], "state": 2, "file_id": 9, "knowledge_revision": 20, "git_revision": "540923d66cabf0745308e300ad4cef6065d6ea87", "hash": "d2b40d02d5f7873d8a6713bad837edd4", "format-version": 4, "code-base-name": "blog_frontend", "filename": "blog_frontend/public/index.html", "revision_history": [{"20": "540923d66cabf0745308e300ad4cef6065d6ea87"}]}