{"is_source_file": true, "format": "JavaScript", "description": "This file sets up testing environment with custom jest matchers for DOM assertions, importing the '@testing-library/jest-dom' module.", "external_files": ["@testing-library/jest-dom"], "external_methods": ["expect().toHaveTextContent()"], "published": [], "classes": [], "methods": [], "calls": ["import('@testing-library/jest-dom')"], "search-terms": ["setupTests.js", "jest-dom", "testing-library", "DOM matchers"], "state": 2, "file_id": 2, "knowledge_revision": 17, "git_revision": "540923d66cabf0745308e300ad4cef6065d6ea87", "ctags": [], "hash": "1a77571e1a8cf36018a41bcedf60db75", "format-version": 4, "code-base-name": "blog_frontend", "filename": "blog_frontend/src/setupTests.js", "revision_history": [{"17": "540923d66cabf0745308e300ad4cef6065d6ea87"}]}