{"is_source_file": false, "format": "", "description": "", "external_files": [], "external_methods": [], "published": [], "classes": [], "methods": [], "calls": [], "search-terms": [], "state": 2, "file_id": 11, "knowledge_revision": 24, "git_revision": "540923d66cabf0745308e300ad4cef6065d6ea87", "hash": "ebece526bc2eadd78ddd787a76c56607", "format-version": 4, "code-base-name": "blog_frontend", "filename": "blog_frontend/README.md", "revision_history": [{"24": "540923d66cabf0745308e300ad4cef6065d6ea87"}]}