{"is_source_file": false, "format": "", "description": "", "external_files": [], "external_methods": [], "published": [], "classes": [], "methods": [], "calls": [], "search-terms": [], "state": 2, "file_id": 7, "knowledge_revision": 15, "git_revision": "540923d66cabf0745308e300ad4cef6065d6ea87", "hash": "d001d53c059625c4bcf75bf5a7f3fcf0", "format-version": 4, "code-base-name": "blog_frontend", "filename": "blog_frontend/package.json", "revision_history": [{"15": "540923d66cabf0745308e300ad4cef6065d6ea87"}]}