{"is_source_file": true, "format": "JavaScript", "description": "This file serves as the entry point for a React application, initializing the root DOM node and rendering the main App component within React.StrictMode.", "external_files": ["react", "react-dom/client", "./index.css", "./App"], "external_methods": ["ReactDOM.createRoot", "root.render"], "published": ["React", "ReactDOM", "root"], "classes": [], "methods": [{"name": "ReactDOM.createRoot", "description": "Creates a React root to manage rendering into the specified DOM element."}, {"name": "root.render", "description": "Renders React elements into the DOM managed by the React root."}], "calls": ["ReactDOM.createRoot", "root.render", "React.StrictMode", "<App />"], "search-terms": ["ReactDOM", "entry point", "index.js", "React.StrictMode", "App component", "createRoot"], "state": 2, "file_id": 6, "knowledge_revision": 16, "git_revision": "540923d66cabf0745308e300ad4cef6065d6ea87", "ctags": [{"_type": "tag", "name": "root", "path": "/tmp/kavia/workspace/code-generation/static-blog-viewer-8346-8355/blog_frontend/src/index.js", "pattern": "/^const root = ReactDOM.createRoot(document.getElementById('root'));$/", "language": "JavaScript", "kind": "constant"}], "hash": "9fc5841375336fc175b49f8767a11383", "format-version": 4, "code-base-name": "blog_frontend", "filename": "blog_frontend/src/index.js", "revision_history": [{"16": "540923d66cabf0745308e300ad4cef6065d6ea87"}]}